用户id,昵称,性别,生日,所在地,学习经历,公司,注册时间,阳光信用,微博数,粉丝数,关注数,简介,主页,头像,高清头像,微博等级,会员等级,是否认证,认证类型,认证信息,上次记录微博信息
1780096033,Tifa丁小妮,f,,,,,,,546,54000,574,爱旅游爱拍照的小仙女,https://m.weibo.cn/u/1780096033?uid=1780096033&luicode=10000011&lfid=1005051780096033,"https://tvax2.sinaimg.cn/crop.0.0.996.996.180/6a1a1c21ly8fhsee2tpx7j20ro0ro0vc.jpg?KID=imgbed,tva&Expires=1676470621&ssig=WBs%2BHxqMTP",https://wx2.sinaimg.cn/orj480/6a1a1c21ly8fhsee2tpx7j20ro0ro0vc.jpg,22,6,True,0,时尚博主 微博原创视频博主,
5069499173,o圆圆的崽o,f,,,,,,,317,1424,54,屁大点事分享者,https://m.weibo.cn/u/5069499173?uid=5069499173&luicode=10000011&lfid=1005055069499173,"https://tvax3.sinaimg.cn/crop.0.0.818.818.180/005x56jHly8hanu95al06j30mq0mq75t.jpg?KID=imgbed,tva&Expires=1676472467&ssig=%2FzAxrInnQI",https://wx3.sinaimg.cn/orj480/005x56jHly8hanu95al06j30mq0mq75t.jpg,28,1,False,-1,,
6586769928,膀大腰圆白小白,f,,,,,,,430,178,481,每天都要快乐。,https://m.weibo.cn/u/6586769928?uid=6586769928&luicode=10000011&lfid=1005056586769928,"https://tvax3.sinaimg.cn/crop.0.0.828.828.180/007bLpKEly8gw6k9iax6uj30n00n0wfj.jpg?KID=imgbed,tva&Expires=1676472715&ssig=8SKregJyJl",https://wx3.sinaimg.cn/orj480/007bLpKEly8gw6k9iax6uj30n00n0wfj.jpg,8,1,False,-1,,
5039330448,Dreamerr__,f,,,,,,,30,154,33,stay with me,https://m.weibo.cn/u/5039330448?uid=5039330448&luicode=10000011&lfid=1005055039330448,"https://tvax2.sinaimg.cn/crop.0.0.828.828.180/005v2w3mly8h0ynnvqkqqj30n00n00tq.jpg?KID=imgbed,tva&Expires=1676473033&ssig=Vr%2FRWh01D1",https://wx2.sinaimg.cn/orj480/005v2w3mly8h0ynnvqkqqj30n00n00tq.jpg,14,3,False,-1,,
5196929829,OLINAiop,f,,,,,,,85,194,234,💭,https://m.weibo.cn/u/5196929829?uid=5196929829&luicode=10000011&lfid=1005055196929829,"https://tvax2.sinaimg.cn/crop.0.0.512.512.180/005FHMQRly8gxr7rq08thj30e80e80sz.jpg?KID=imgbed,tva&Expires=1676473047&ssig=2gYy4L4%2BXx",https://wx2.sinaimg.cn/orj480/005FHMQRly8gxr7rq08thj30e80e80sz.jpg,14,1,False,-1,,
2751005337,决明子七,f,,,,,,,148,4006,415,没有更博的日子里都在认真生活,https://m.weibo.cn/u/2751005337?uid=2751005337&luicode=10000011&lfid=1005052751005337,"https://tvax3.sinaimg.cn/crop.0.0.1080.1080.180/a3f90299ly8h3lkedcq4lj20u00u0mza.jpg?KID=imgbed,tva&Expires=1676473617&ssig=593ljACKTW",https://wx3.sinaimg.cn/orj480/a3f90299ly8h3lkedcq4lj20u00u0mza.jpg,25,6,False,-1,,
6741964788,周也yeah,f,,,,,,,627,3613000,102,🧶🧶🧶,https://m.weibo.cn/u/6741964788?uid=6741964788&luicode=10000011&lfid=1005056741964788,"https://tvax1.sinaimg.cn/crop.0.0.401.401.180/007mgB1yly8h83sywhc5tj30b50b5gls.jpg?KID=imgbed,tva&Expires=1676474541&ssig=8pXNH8z93e",https://wx1.sinaimg.cn/orj480/007mgB1yly8h83sywhc5tj30b50b5gls.jpg,4,6,True,0,和颂传媒签约演员，代表作《少年的你》,
6258789512,段钰yuyuyu,f,,,,,,,400,156000,88,NUA 20播本 🧋🧋🧋,https://m.weibo.cn/u/6258789512?uid=6258789512&luicode=10000011&lfid=1005056258789512,"https://tvax4.sinaimg.cn/crop.0.0.1080.1080.180/006Pzf3Wly8h3nu766lhjj30u00u0q74.jpg?KID=imgbed,tva&Expires=1676475108&ssig=ZN0f5VxhVC",https://wx4.sinaimg.cn/orj480/006Pzf3Wly8h3nu766lhjj30u00u0q74.jpg,20,1,False,-1,,
3182486392,易梦玲-,f,,,,,,,651,4940000,323,工作邮箱📪：emoney1114@163.com （不看私信）                    满地都是六便士，他却抬头看见了月亮,https://m.weibo.cn/u/3182486392?uid=3182486392&luicode=10000011&lfid=1005053182486392,"https://tvax4.sinaimg.cn/crop.0.0.512.512.180/bdb0e378ly8gdit85q6jqj20e80e8gm5.jpg?KID=imgbed,tva&Expires=1676478032&ssig=6igjev%2BPra",https://wx4.sinaimg.cn/orj480/bdb0e378ly8gdit85q6jqj20e80e8gm5.jpg,38,7,True,0,时尚博主,
6590558405,李亿雪儿,f,,,,,,,931,1737,618,你我登船 送命或寻欢,https://m.weibo.cn/u/6590558405?uid=6590558405&luicode=10000011&lfid=1005056590558405,"https://tvax1.sinaimg.cn/crop.0.0.512.512.180/007c1jj7ly8gzjhmnld9oj30e80e8mxj.jpg?KID=imgbed,tva&Expires=1676479597&ssig=j04w7EzYhF",https://wx1.sinaimg.cn/orj480/007c1jj7ly8gzjhmnld9oj30e80e8mxj.jpg,19,5,False,-1,,
3834827891,魏子佩,f,,,,,,,105,93000,151,北电20表本,https://m.weibo.cn/u/3834827891?uid=3834827891&luicode=10000011&lfid=1005053834827891,"https://tvax1.sinaimg.cn/crop.0.0.1080.1080.180/e492d473ly8h4smy02795j20u00u077i.jpg?KID=imgbed,tva&Expires=1676480922&ssig=n%2BkjiI0CZw",https://wx1.sinaimg.cn/orj480/e492d473ly8h4smy02795j20u00u077i.jpg,31,7,False,-1,,
7769452365,小奈奈最美,f,,,,,,,418,48000,179,喜欢就关注一下呗,https://m.weibo.cn/u/7769452365?uid=7769452365&luicode=10000011&lfid=1005057769452365,"https://tvax2.sinaimg.cn/crop.0.0.512.512.180/008tNPtPly8h3xqpq6dfrj30e80e83z6.jpg?KID=imgbed,tva&Expires=1676480999&ssig=CsRtE0pw3L",https://wx2.sinaimg.cn/orj480/008tNPtPly8h3xqpq6dfrj30e80e83z6.jpg,0,2,False,-1,,
5215440881,2023取名困难户,f,,,,,,,177,120,320,编辑简介,https://m.weibo.cn/u/5215440881?uid=5215440881&luicode=10000011&lfid=1005055215440881,"https://tvax2.sinaimg.cn/crop.0.0.511.511.180/005GXsqdly8h1kt9g4e9pj30e70e7gls.jpg?KID=imgbed,tva&Expires=1676481464&ssig=AWi8tN0m2N",https://wx2.sinaimg.cn/orj480/005GXsqdly8h1kt9g4e9pj30e70e7gls.jpg,21,1,False,-1,,
2993863860,哎哟名字被ci掉了,f,,,,,,,216,365,506,“八万排第二 你是第一”,https://m.weibo.cn/u/2993863860?uid=2993863860&luicode=10000011&lfid=1005052993863860,"https://tvax2.sinaimg.cn/crop.0.0.960.960.180/b272bcb4ly8h83aafoixej20qo0qomyw.jpg?KID=imgbed,tva&Expires=1676481586&ssig=0e8fqWBeR9",https://wx2.sinaimg.cn/orj480/b272bcb4ly8h83aafoixej20qo0qomyw.jpg,27,2,False,-1,,
5200248436,碗来天欲雪i,f,,,,,,,185,55,100,未来程序员,https://m.weibo.cn/u/5200248436?uid=5200248436&luicode=10000011&lfid=1005055200248436,"https://tvax2.sinaimg.cn/crop.0.0.1080.1080.180/005FVIaMly8gsq3hvvdcqj30u00u00ui.jpg?KID=imgbed,tva&Expires=1676482265&ssig=b0aZWqb6iQ",https://wx2.sinaimg.cn/orj480/005FVIaMly8gsq3hvvdcqj30u00u00ui.jpg,7,1,False,-1,,
6748794422,沈歆一呀,f,,,,,,,753,31000,186,赵丽颖妹妹,https://m.weibo.cn/u/6748794422?uid=6748794422&luicode=10000011&lfid=1005056748794422,"https://tvax1.sinaimg.cn/crop.0.0.512.512.180/007mJfIWly8h1jww05vj4j30e80e8dg8.jpg?KID=imgbed,tva&Expires=1676482346&ssig=Pk7U7BFfG1",https://wx1.sinaimg.cn/orj480/007mJfIWly8h1jww05vj4j30e80e8dg8.jpg,17,6,True,0,颜值博主,
2354892443,零月廿九,f,,,,,,,677,2011,467,我们最终都会迎来好好 我们最终都会前往小岛,https://m.weibo.cn/u/2354892443?uid=2354892443&luicode=10000011&lfid=1005052354892443,"https://tvax3.sinaimg.cn/crop.0.0.512.512.180/8c5cce9bly8h2qt5dte1jj20e80e8mxj.jpg?KID=imgbed,tva&Expires=1676482571&ssig=yoTh16Jxna",https://wx3.sinaimg.cn/orj480/8c5cce9bly8h2qt5dte1jj20e80e8mxj.jpg,39,6,False,220,,
5193516953,青椒肉shi,f,,,,,,,244,340,501,,https://m.weibo.cn/u/5193516953?uid=5193516953&luicode=10000011&lfid=1005055193516953,"https://tvax3.sinaimg.cn/crop.0.0.512.512.180/005Ftt0tly8h58p8syhbzj30e80e874t.jpg?KID=imgbed,tva&Expires=1676482626&ssig=%2FDgRlfVqoY",https://wx3.sinaimg.cn/orj480/005Ftt0tly8h58p8syhbzj30e80e874t.jpg,9,0,False,-1,,
5600050257,唐戴橙,f,,,,,,,97,280,71,世间不止悲伤与脂肪,https://m.weibo.cn/u/5600050257?uid=5600050257&luicode=10000011&lfid=1005055600050257,"https://tvax4.sinaimg.cn/crop.0.0.828.828.180/0066ZeTfly8haszev3u5uj30n00n0gnv.jpg?KID=imgbed,tva&Expires=1676483184&ssig=IGjtrOfDi1",https://wx4.sinaimg.cn/orj480/0066ZeTfly8haszev3u5uj30n00n0gnv.jpg,9,0,False,-1,,
5545918217,bing金鱼,f,,,,,,,350,234,131,小日常🌞,https://m.weibo.cn/u/5545918217?uid=5545918217&luicode=10000011&lfid=1005055545918217,"https://tvax1.sinaimg.cn/crop.0.0.1080.1080.180/0063k6FPly8h8jt5qtll7j30u00u0q63.jpg?KID=imgbed,tva&Expires=1676483375&ssig=EISptxMadB",https://wx1.sinaimg.cn/orj480/0063k6FPly8h8jt5qtll7j30u00u0q63.jpg,4,1,False,-1,,
2600421632,di卢颖儿,f,,,,,,,208,29000,257,dy和🍠同名：卢颖儿 luyinger2022@163.com,https://m.weibo.cn/u/2600421632?uid=2600421632&luicode=10000011&lfid=1005052600421632,"https://tvax1.sinaimg.cn/crop.0.0.1080.1080.180/9aff4900ly8gxii06npgqj20u00u0taq.jpg?KID=imgbed,tva&Expires=1676520228&ssig=jX8OJnq4Ww",https://wx1.sinaimg.cn/orj480/9aff4900ly8gxii06npgqj20u00u0taq.jpg,18,0,False,-1,,
7510769426,夏天多吃冰奥,f,,,,,,,253,46000,163,我的私人好梦🖤 没事别私信 很喜欢拉黑（女生不用看这条,https://m.weibo.cn/u/7510769426?uid=7510769426&luicode=10000011&lfid=1005057510769426,"https://tvax1.sinaimg.cn/crop.0.0.1080.1080.180/008ciqemly8h4f60xb82bj30u00u076r.jpg?KID=imgbed,tva&Expires=1676520545&ssig=7vEEGTXDX6",https://wx1.sinaimg.cn/orj480/008ciqemly8h4f60xb82bj30u00u076r.jpg,0,4,True,0,颜值博主,
6734454769,乌鸦玻璃,f,,,,,,,80,900,80,,https://m.weibo.cn/u/6734454769?uid=6734454769&luicode=10000011&lfid=1005056734454769,"https://tvax1.sinaimg.cn/crop.0.0.512.512.180/007lL5kdly8h1xlvlq6qcj30e80e874d.jpg?KID=imgbed,tva&Expires=1676520750&ssig=tw0SaOQwBX",https://wx1.sinaimg.cn/orj480/007lL5kdly8h1xlvlq6qcj30e80e874d.jpg,7,1,False,-1,,
2029417387,Z枝枝Z,f,,,,,,,1214,264000,494,幼稚鬼,https://m.weibo.cn/u/2029417387?uid=2029417387&luicode=10000011&lfid=1005052029417387,"https://tvax3.sinaimg.cn/crop.0.0.512.512.180/78f673ably8g3t8inbohtj20e80e83yy.jpg?KID=imgbed,tva&Expires=1678530152&ssig=XTeLauekJo",https://wx3.sinaimg.cn/orj480/78f673ably8g3t8inbohtj20e80e83yy.jpg,44,6,False,-1,,
5991416122,呸啊呸子呸,f,,,,,,,276,1016,60,🧟‍♀️关注我吗？没有福利。                              微博抖音同号👉@呸啊呸子呸,https://m.weibo.cn/u/5991416122?uid=5991416122&luicode=10000011&lfid=1005055991416122,"https://tvax3.sinaimg.cn/crop.0.0.1012.1012.180/006xtn1Uly8gmt7lrmf4wj30s40s4djk.jpg?KID=imgbed,tva&Expires=1678616228&ssig=fGlFTuL7DO",https://wx3.sinaimg.cn/orj480/006xtn1Uly8gmt7lrmf4wj30s40s4djk.jpg,9,2,False,-1,,
3209919734,_HacHe,f,,,,,,,181,13000,216,/,https://m.weibo.cn/u/3209919734?uid=3209919734&luicode=10000011&lfid=1005053209919734,"https://tvax3.sinaimg.cn/crop.0.0.512.512.180/bf537cf6ly8h9redm2r9xj20e80e8wey.jpg?KID=imgbed,tva&Expires=1678616608&ssig=IUdgaEI%2FFV",https://wx3.sinaimg.cn/orj480/bf537cf6ly8h9redm2r9xj20e80e8wey.jpg,36,7,False,-1,,
5046024035,谭什么瑶,f,,,,,,,125,2984,154,(・・?),https://m.weibo.cn/u/5046024035?uid=5046024035&luicode=10000011&lfid=1005055046024035,"https://tvax4.sinaimg.cn/crop.0.0.1080.1080.180/005vuBmrly8hbjhw1tt2xj30u00u040g.jpg?KID=imgbed,tva&Expires=1678616714&ssig=mRV6TfVENh",https://wx4.sinaimg.cn/orj480/005vuBmrly8hbjhw1tt2xj30u00u040g.jpg,14,1,False,-1,,
6268842238,鹿鹿嘢,f,,,,,,,562,34000,114,只需要跟留在身边的人说声谢谢,https://m.weibo.cn/u/6268842238?uid=6268842238&luicode=10000011&lfid=1005056268842238,"https://tvax1.sinaimg.cn/crop.0.0.828.828.180/006QfqeGly8gs68eutp27j30n00n0dgj.jpg?KID=imgbed,tva&Expires=1678617041&ssig=MkzwRkDO3P",https://wx1.sinaimg.cn/orj480/006QfqeGly8gs68eutp27j30n00n0dgj.jpg,9,6,False,-1,,
7330072766,我好想睡午觉,f,,,,,,,371,1628,73,内心丰盈者 独行如众行,https://m.weibo.cn/u/7330072766?uid=7330072766&luicode=10000011&lfid=1005057330072766,"https://tvax1.sinaimg.cn/crop.0.0.512.512.180/00804eM6ly8h0k0u6lojij30e80e8wf2.jpg?KID=imgbed,tva&Expires=1678618500&ssig=0kB10j%2Fg5c",https://wx1.sinaimg.cn/orj480/00804eM6ly8h0k0u6lojij30e80e8wf2.jpg,0,4,False,-1,,
7553378850,是木糖醇醇,f,,,,,,,108,25000,19,不像任何人｜风格还在找,https://m.weibo.cn/u/7553378850?uid=7553378850&luicode=10000011&lfid=1005057553378850,"https://tvax1.sinaimg.cn/crop.0.0.512.512.180/008fbcT8ly8h4xlio8fs9j30e80e8aai.jpg?KID=imgbed,tva&Expires=1679242029&ssig=Qio120HSVT",https://wx1.sinaimg.cn/orj480/008fbcT8ly8h4xlio8fs9j30e80e8aai.jpg,0,1,True,0,颜值博主,
2345548874,实验报告没写完,f,,,,,,,710,4864,160,研二 脾气差,https://m.weibo.cn/u/2345548874?uid=2345548874&luicode=10000011&lfid=1005052345548874,"https://tvax2.sinaimg.cn/crop.0.0.512.512.180/8bce3c4aly8gopggbeoyrj20e80e8410.jpg?KID=imgbed,tva&Expires=1679242218&ssig=oXYsc%2BL7hQ",https://wx2.sinaimg.cn/orj480/8bce3c4aly8gopggbeoyrj20e80e8410.jpg,14,2,False,-1,,
3162343735,今年不再改昵称了,f,,,,,,,999,140000,257,梨涡允允猪唯一认证小号🐷,https://m.weibo.cn/u/3162343735?uid=3162343735&luicode=10000011&lfid=1005053162343735,"https://tvax2.sinaimg.cn/crop.0.0.512.512.180/bc7d8937ly8ggxoecrjywj20e80e8mxi.jpg?KID=imgbed,tva&Expires=1679242424&ssig=WZ%2F8NiOy8b",https://wx2.sinaimg.cn/orj480/bc7d8937ly8ggxoecrjywj20e80e8mxi.jpg,4,4,False,-1,,
2654550084,什么七七,f,,,,,,,903,872000,380,ins：zhaozzhaozhao | 小红书：什么七七,https://m.weibo.cn/u/2654550084?uid=2654550084&luicode=10000011&lfid=1005052654550084,"https://tva1.sinaimg.cn/crop.0.1.640.640.180/9e393844jw8epahatd70zj20hs0hu0to.jpg?KID=imgbed,tva&Expires=1679245013&ssig=4Eakgqpr7C",https://ww1.sinaimg.cn/orj480/9e393844jw8epahatd70zj20hs0hu0to.jpg,44,7,False,-1,,
5685894782,禾冉Vv,f,,,,,,,792,144000,297,幸会💗/ 小红 Book &amp; dy同名/ V：heranVv,https://m.weibo.cn/u/5685894782?uid=5685894782&luicode=10000011&lfid=1005055685894782,"https://tvax3.sinaimg.cn/crop.0.0.1080.1080.180/006cNqYmly8fxbhl4qq5yj30u00u077g.jpg?KID=imgbed,tva&Expires=1679248066&ssig=65ysN%2BLuZg",https://wx3.sinaimg.cn/orj480/006cNqYmly8fxbhl4qq5yj30u00u077g.jpg,30,7,True,0,颜值博主,
5330079778,小阿阿阿瑜,f,,,,,,,125,116,45,人生海海，山山而川，不过尔尔,https://m.weibo.cn/u/5330079778?uid=5330079778&luicode=10000011&lfid=1005055330079778,"https://tvax1.sinaimg.cn/crop.0.0.1080.1080.180/005OIteGly8gll75u7gi3j30u00u0n0h.jpg?KID=imgbed,tva&Expires=1679248580&ssig=z5%2Bo2FEWB5",https://wx1.sinaimg.cn/orj480/005OIteGly8gll75u7gi3j30u00u0n0h.jpg,14,2,False,-1,,
7462995946,治不开心药,f,,,,,,,146,288000,3,powerful （此地不接推广 不看私信,https://m.weibo.cn/u/7462995946?uid=7462995946&luicode=10000011&lfid=1005057462995946,"https://tvax2.sinaimg.cn/crop.0.0.1080.1080.180/00893Yamly8h7q2wrbpzej30u00u00u1.jpg?KID=imgbed,tva&Expires=1679254793&ssig=VeqZ19MQRO",https://wx2.sinaimg.cn/orj480/00893Yamly8h7q2wrbpzej30u00u00u1.jpg,0,6,False,-1,,
2324719027,Namhee__,f,,,,,,,176,1734,147,우리가 사는 온도♡   🍠：NamHee,https://m.weibo.cn/u/2324719027?uid=2324719027&luicode=10000011&lfid=1005052324719027,"https://tvax4.sinaimg.cn/crop.0.0.512.512.180/8a9065b3ly8gt4k5q72zcj20e80e8t9d.jpg?KID=imgbed,tva&Expires=1680026538&ssig=nlQcwOqyRa",https://wx4.sinaimg.cn/orj480/8a9065b3ly8gt4k5q72zcj20e80e8t9d.jpg,31,5,False,220,,
3050425322,19th___,f,,,,,,,400,147000,571,祝你也天天开心 穿搭都在小红书/📕同名 🧣@柳柳的小号｜ins chloe.19th｜不玩社交软件,https://m.weibo.cn/u/3050425322?uid=3050425322&luicode=10000011&lfid=1005053050425322,"https://tvax3.sinaimg.cn/crop.0.0.1080.1080.180/003krgYqly8gvffdlb469j60u00u0gn102.jpg?KID=imgbed,tva&Expires=1680026555&ssig=H7eOpuz0Fd",https://wx3.sinaimg.cn/orj480/003krgYqly8gvffdlb469j60u00u0gn102.jpg,36,6,True,0,微博原创视频博主,
5519813144,周愚昧,f,,,,,,,444,70000,206,应如晦暗中斑斓，渺小却照彻河山。,https://m.weibo.cn/u/5519813144?uid=5519813144&luicode=10000011&lfid=1005055519813144,"https://tvax2.sinaimg.cn/crop.0.0.1080.1080.180/0061yzygly8gn8c12o29wj30u00u0jsv.jpg?KID=imgbed,tva&Expires=1680026556&ssig=b%2B5FLRp%2Bcm",https://wx2.sinaimg.cn/orj480/0061yzygly8gn8c12o29wj30u00u0jsv.jpg,33,6,False,-1,,
7761648795,Yukikly,f,,,,,,,18,212,4,一个美女的碎碎念 记录生活,https://m.weibo.cn/u/7761648795?uid=7761648795&luicode=10000011&lfid=1005057761648795,"https://tvax3.sinaimg.cn/crop.0.0.512.512.180/008th5pNly8hbk0b9r3roj30e80e8wem.jpg?KID=imgbed,tva&Expires=1680029045&ssig=ABAP3xq5SG",https://wx3.sinaimg.cn/orj480/008th5pNly8hbk0b9r3roj30e80e8wem.jpg,0,1,False,-1,,
5567892285,Freya-a3,f,,,,,,,99,1039,43,one,https://m.weibo.cn/u/5567892285?uid=5567892285&luicode=10000011&lfid=1005055567892285,"https://tvax2.sinaimg.cn/crop.0.0.512.512.180/0064Oj8hly8hb2ah9v2slj30e80e8myq.jpg?KID=imgbed,tva&Expires=1680029106&ssig=z9HA6jCZDQ",https://wx2.sinaimg.cn/orj480/0064Oj8hly8hb2ah9v2slj30e80e8myq.jpg,4,1,False,-1,,
1915371763,Zero_Lii,f,,,,,,,641,6874,222,这里的故事有曲线,https://m.weibo.cn/u/1915371763?uid=1915371763&luicode=10000011&lfid=1005051915371763,"https://tvax1.sinaimg.cn/crop.0.0.512.512.180/722a40f3ly8hbrms76nb3j20e80e8dgh.jpg?KID=imgbed,tva&Expires=1680029353&ssig=LzYHiyB8FA",https://wx1.sinaimg.cn/orj480/722a40f3ly8hbrms76nb3j20e80e8dgh.jpg,33,6,False,220,,
2613780524,我只是不想被搜到,f,,,,,,,1599,80000,1772,迷人因为有主体的自我,https://m.weibo.cn/u/2613780524?uid=2613780524&luicode=10000011&lfid=1005052613780524,"https://tvax3.sinaimg.cn/crop.0.0.828.828.180/9bcb202cly8gtac02ucumj20n00n0dgp.jpg?KID=imgbed,tva&Expires=1680030419&ssig=vfVthxuyT0",https://wx3.sinaimg.cn/orj480/9bcb202cly8gtac02ucumj20n00n0dgp.jpg,26,2,True,0,微博原创视频博主,
